Workbook
Name _10_Abr_09: festivos!$A$89:$A$800
Name Días_festivos: festivos!$A$2:$A$800

Sheet festivos
A1: Días festivos
A2: 36161
A3: 36196
A4: 36251
A5: 36252
A6: 36285
A7: 36404
A8: 36419
A9: 36466
A10: 36606
A11: 36636
A12: 36637
A13: 36647
... A500: 53328

Sheet indices
B1: MEXBOL Index | C1: INDU Index | D1: SPX Index | E1: CCMP Index | F1: RTY Index | G1: SPTSX Index | H1: IBOV Index | I1: SX5E Index | J1: ASX Index | K1: UKX Index | L1: DAX Index | M1: CAC Index | N1: IBEX Index | O1: NKY Index | P1: SHSZ300 Index | Q1: SHCOMP Index | R1: SZCOMP Index | S1: HSI Index | T1: SENSEX Index | U1: KOSPI Index | V1: MXWOSM Index | W1: VIX Index
B2: MX | C2: US | D2: US | E2: US | F2: US | G2: CA | H2: BZ | I2: EC | J2: GB | K2: GB | L2: GE | M2: FR | N2: SP | O2: JN | P2: CH | Q2: CH | R2: CH | S2: HK | T2: IN | U2: SK | V2: MULT | W2: MULT
A3: =COLUMN(A3) -> 1 | B3: =COLUMN(B3) -> 2 | C3: =COLUMN(C3) -> 3 | D3: =COLUMN(D3) -> 4 | E3: =COLUMN(E3) -> 5 | F3: =COLUMN(F3) -> 6 | G3: =COLUMN(G3) -> 7 | H3: =COLUMN(H3) -> 8 | ... W3: =COLUMN(W3) -> 23
A4: 32904 | B4: 444.75 | C4: 2590.54 | D4: 329.08 | E4: 415.81 | G4: 3704.5 | H4: n.d. | J4: 1167.15 | K4: 2337.3 | L4: 1822.78 | M4: 1882.88 | N4: 2841.6 | O4: 37188.95 | U4: 896.16 | W4: 25.36
A5: 32904 | B5: 473.02 | C5: 2627.25 | D5: 329.08 | E5: 425.83 | G5: 3686.8 | H5: n.d. | J5: 1122.26 | K5: 2255.4 | L5: 1809.92 | M5: 1849.68 | N5: 2841.6 | O5: 34591.99 | U5: 861.59 | W5: 25.36
A6: 32904 | B6: 489.62 | C6: 2707.21 | D6: 329.08 | E6: 435.54 | G6: 3639.6 | H6: n.d. | J6: 1114.94 | K6: 2247.9 | L6: 1968.55 | M6: 1971.79 | N6: 2841.6 | O6: 29980.45 | U6: 845.98 | W6: 25.36
A7: 32904 | B7: 473.02 | C7: 2627.25 | D7: 329.08 | E7: 425.83 | G7: 3686.8 | H7: n.d. | J7: 1122.26 | K7: 2255.4 | L7: 1809.92 | M7: 1849.68 | N7: 2841.6 | O7: 34591.99 | U7: 861.59 | W7: 25.36
A8: 32904 | B8: 489.62 | C8: 2707.21 | D8: 329.08 | E8: 435.54 | G8: 3639.6 | H8: n.d. | J8: 1114.94 | K8: 2247.9 | L8: 1968.55 | M8: 1971.79 | N8: 2841.6 | O8: 29980.45 | U8: 845.98 | W8: 25.36
A9: 32904 | B9: 473.02 | C9: 2627.25 | D9: 329.08 | E9: 425.83 | G9: 3686.8 | H9: n.d. | J9: 1122.26 | K9: 2255.4 | L9: 1809.92 | M9: 1849.68 | N9: 2841.6 | O9: 34591.99 | U9: 861.59 | W9: 25.36
A10: 32904 | B10: 489.62 | C10: 2707.21 | D10: 329.08 | E10: 435.54 | G10: 3639.6 | H10: n.d. | J10: 1114.94 | K10: 2247.9 | L10: 1968.55 | M10: 1971.79 | N10: 2841.6 | O10: 29980.45 | U10: 845.98 | W10: 25.36
A11: 32904 | B11: 473.02 | C11: 2627.25 | D11: 329.08 | E11: 425.83 | G11: 3686.8 | H11: n.d. | J11: 1122.26 | K11: 2255.4 | L11: 1809.92 | M11: 1849.68 | N11: 2841.6 | O11: 34591.99 | U11: 861.59 | W11: 25.36
A12: 32904 | B12: 489.62 | C12: 2707.21 | D12: 329.08 | E12: 435.54 | G12: 3639.6 | H12: n.d. | J12: 1114.94 | K12: 2247.9 | L12: 1968.55 | M12: 1971.79 | N12: 2841.6 | O12: 29980.45 | U12: 845.98 | W12: 25.36
A13: 32904 | B13: 473.02 | C13: 2627.25 | D13: 329.08 | E13: 425.83 | G13: 3686.8 | H13: n.d. | J13: 1122.26 | K13: 2255.4 | L13: 1809.92 | M13: 1849.68 | N13: 2841.6 | O13: 34591.99 | U13: 861.59 | W13: 25.36
A14: 32904 | B14: 489.62 | C14: 2707.21 | D14: 329.08 | E14: 435.54 | G14: 3639.6 | H14: n.d. | J14: 1114.94 | K14: 2247.9 | L14: 1968.55 | M14: 1971.79 | N14: 2841.6 | O14: 29980.45 | U14: 845.98 | W14: 25.36
A15: 32904 | B15: 473.02 | C15: 2627.25 | D15: 329.08 | E15: 425.83 | G15: 3686.8 | H15: n.d. | J15: 1122.26 | K15: 2255.4 | L15: 1809.92 | M15: 1849.68 | N15: 2841.6 | O15: 34591.99 | U15: 861.59 | W15: 25.36
... A205: 33235 | B205: 628.79 | C205: 2629.21 | D205: 328.72 | E205: 371.2 | G205: 3237.5 | H205: n.d. | J205: 1038.43 | K205: 2160.4 | L205: 1398.23 | M205: 1517.93 | N205: 2248.8 | O205: 23848.71 | U205: 696.11 | W205: 25.05
A206: 33240 | B206: 625.47 | C206: 2610.64 | D206: 326.45 | E206: 372.19 | G206: 3239.4 | H206: n.d. | J206: 1025.13 | K206: 2128.3 | L206: 1366.1 | M206: 1505.1 | N206: 2207.6 | O206: 23848.71 | T206: 999.26 | U206: 696.11 | W206: 26.62
A207: 33241 | B207: 616.19 | C207: 2573.51 | D207: 321.91 | E207: 367.51 | G207: 3221.8 | H207: n.d. | J207: 1019.78 | K207: 2117.8 | L207: 1366.65 | M207: 1539.5 | N207: 2222.4 | O207: 23848.71 | T207: 982.35 | U207: 679.75 | W207: 27.93
A208: 33242 | B208: 622.2 | C208: 2566.09 | D208: 321 | E208: 367.24 | G208: 3216.6 | H208: n.d. | J208: 1023.21 | K208: 2126.1 | L208: 1396.07 | M208: 1547.66 | N208: 2248.7 | O208: 24069.18 | T208: #N/A | U208: 697.62 | W208: 27.19
A209: 33245 | B209: 599.21 | C209: 2522.77 | D209: 315.44 | E209: 360.24 | G209: 3201.1 | H209: n.d. | J209: 1017.62 | K209: 2113.4 | L209: 1358.16 | M209: 1507.87 | N209: 2225.8 | O209: 23736.57 | T209: 1010.77 | U209: 676.65 | W209: 28.95
A210: 33246 | B210: 599.38 | C210: 2509.41 | D210: 314.9 | E210: 359 | G210: 3182.5 | H210: n.d. | J210: 1011.39 | K210: 2099.9 | L210: 1353.95 | M210: 1502.77 | N210: 2205.9 | O210: 22897.84 | T210: #N/A | U210: 659.68 | W210: 30.38
A211: 33247 | B211: 591.21 | C211: 2470.3 | D211: 311.49 | E211: 357.45 | G211: 3169.7 | H211: n.d. | J211: 1023.43 | K211: 2128.9 | L211: 1375.16 | M211: 1552.19 | N211: 2264.8 | O211: 22969.27 | T211: 1008.52 | U211: 660.39 | W211: 33.3
A212: 33248 | B212: 587.11 | C212: 2498.76 | D212: 314.53 | E212: 361.92 | G212: 3196.9 | H212: n.d. | J212: 1013.81 | K212: 2108.7 | L212: 1383.4 | M212: 1507.09 | N212: 2197.5 | O212: 23047.36 | T212: #N/A | U212: 635.46 | W212: 31.33
A213: 33249 | B213: 583.5 | C213: 2501.49 | D213: 315.23 | E213: 361.8 | G213: 3183.6 | H213: n.d. | J213: 1012.23 | K213: 2105.8 | L213: 1382.26 | M213: 1494.94 | N213: 2195.5 | O213: 23241.02 | T213: 1034.3 | U213: 627.7 | W213: 32.63
A214: 33252 | B214: 567.09 | C214: 2483.91 | D214: 312.49 | E214: 355.75 | G214: 3167.6 | H214: n.d. | J214: 1000.17 | K214: 2080.8 | L214: 1331.25 | M214: 1441.17 | N214: 2151.2 | O214: 23213.23 | T214: 1017.72 | U214: 652.25 | W214: 36.2
A215: 33253 | B215: 573.23 | C215: 2490.59 | D215: 313.73 | E215: 357.3 | G215: 3162 | H215: n.d. | J215: 995.42 | K215: 2071.1 | L215: 1325.62 | M215: 1457.27 | N215: 2162.9 | O215: 23213.23 | T215: #N/A | U215: 624.62 | W215: 36.16
A216: 33254 | B216: 569.55 | C216: 2508.91 | D216: 316.17 | E216: 365.2 | G216: 3164.5 | H216: n.d. | J216: 987.46 | K216: 2054.9 | L216: 1322.68 | M216: 1457.77 | N216: 2159.3 | O216: 22442.7 | T216: #N/A | U216: 613.34 | W216: 33.2
A217: 33255 | B217: 609.02 | C217: 2623.51 | D217: 327.97 | E217: 375.81 | G217: 3201.7 | H217: n.d. | J217: 1008.6 | K217: 2104.6 | L217: 1414.58 | M217: 1560.47 | N217: 2312.1 | O217: 23446.81 | T217: #N/A | U217: 641.42 | W217: 27.45
A218: 33256 | B218: 605.81 | C218: 2646.78 | D218: 332.23 | E218: 376.99 | G218: 3210.5 | H218: n.d. | J218: 1006.8 | K218: 2102.7 | L218: 1405.06 | M218: 1560.27 | N218: 2277.2 | O218: 23808.3 | T218: #N/A | U218: 667.35 | W218: 25.39
A219: 33259 | B219: 596.07 | C219: 2629.21 | D219: 331.06 | E219: 379.7 | G219: 3205.3 | H219: n.d. | J219: 998.92 | K219: 2084 | L219: 1390.2 | M219: 1553.57 | N219: 2251.2 | O219: 23352.19 | T219: #N/A | U219: 636.91 | W219: 24.33
A220: 33260 | B220: 589.48 | C220: 2603.22 | D220: 328.31 | E220: 379.03 | G220: 3196.8 | H220: n.d. | J220: 996.81 | K220: 2081.6 | L220: 1375.12 | M220: 1548.64 | N220: 2231.5 | O220: 23253.65 | T220: #N/A | U220: 632.92 | W220: 24.9
A221: 33261 | B221: 585.21 | C221: 2619.06 | D221: 330.21 | E221: 383.91 | G221: 3190.6 | H221: n.d. | J221: 996.23 | K221: 2080.5 | L221: 1358.76 | M221: 1522.39 | N221: 2219.4 | O221: 23050.1 | T221: 1001.38 | U221: 625.22 | W221: 23.92
A222: 33262 | B222: 594.25 | C222: 2643.07 | D222: 334.78 | E222: 391.33 | G222: 3212.7 | H222: n.d. | J222: 1004.96 | K222: 2099.5 | L222: 1375.16 | M222: 1553.77 | N222: 2259.5 | O222: 23269.01 | T222: 971.8 | U222: 638.02 | W222: 22.86
A223: 33263 | B223: 601.99 | C223: 2659.41 | D223: 336.07 | E223: 394.28 | G223: 3234 | H223: n.d. | J223: 1006.76 | K223: 2103 | L223: 1382.05 | M223: 1563 | N223: 2276.2 | O223: 23573.25 | T223: 956.11 | U223: 632.95 | W223: 22.2
A224: 33266 | B224: 613.05 | C224: 2654.46 | D224: 336.03 | E224: 396.8 | G224: 3228.7 | H224: n.d. | J224: 1012.72 | K224: 2118 | L224: 1382.68 | M224: 1565.69 | N224: 2291 | O224: 23569.44 | T224: #N/A | U224: 633.93 | W224: 23.05
A225: 33267 | B225: 612.68 | C225: 2662.62 | D225: 335.84 | E225: 400.61 | G225: 3222.3 | H225: n.d. | J225: 1011.57 | K225: 2113.8 | L225: 1380.26 | M225: 1554.49 | N225: 2293.3 | O225: 23460.12 | T225: #N/A | U225: 635.65 | W225: 23.17
A226: 33268 | B226: 619.34 | C226: 2713.12 | D226: 340.91 | E226: 408.53 | G226: 3248.7 | H226: n.d. | J226: 1028.19 | K226: 2152.6 | L226: 1400.73 | M226: 1582.45 | N226: 2346.5 | O226: 23409.61 | T226: #N/A | U226: 638.09 | W226: 21.37
A227: 33269 | B227: 622.99 | C227: 2736.39 | D227: 343.93 | E227: 414.2 | G227: 3273 | H227: n.d. | J227: 1036.24 | K227: 2170.1 | L227: 1420.18 | M227: 1580.67 | N227: 2333.7 | O227: 23293.14 | T227: 982.32 | U227: 635.4 | W227: 20.91
A228: 33270 | B228: 620.55 | C228: 2730.69 | D228: 343.05 | E228: 417.69 | G228: 3293.5 | H228: n.d. | J228: 1035.41 | K228: 2165.8 | L228: 1426.51 | M228: 1578.08 | N228: 2327.9 | O228: 23156.7 | T228: 1021.95 | U228: 632.53 | W228: 21.04
A229: 33273 | B229: 623.86 | C229: 2772.28 | D229: 348.34 | E229: 424.8 | G229: 3328 | H229: n.d. | J229: 1039.76 | K229: 2172.4 | L229: 1435.03 | M229: 1581.73 | N229: 2373.9 | O229: 23287.36 | T229: 1052.04 | U229: 632.79 | W229: 21.86
A230: 33275 | B230: 635.71 | C230: 2830.94 | D230: 358.07 | E230: 439.24 | G230: 3424.1 | H230: n.d. | J230: 1050.17 | K230: 2194.8 | L230: 1428.69 | M230: 1598.11 | N230: 2407.4 | O230: 23952.04 | T230: 1061.87 | U230: 635.66 | W230: 22.68
A231: 33276 | B231: 646.14 | C231: 2810.64 | D231: 356.52 | E231: 435.01 | G231: 3431.7 | H231: n.d. | J231: 1071.46 | K231: 2243.7 | L231: 1436.26 | M231: 1598.22 | N231: 2427.7 | O231: 24104.43 | T231: 1039.45 | U231: 634.31 | W231: 23.6
A232: 33277 | B232: 647.66 | C232: 2830.69 | D232: 359.35 | E232: 436.98 | G232: 3445.3 | H232: n.d. | J232: 1072.83 | K232: 2245 | L232: 1467.82 | M232: 1622.75 | N232: 2441.3 | O232: 24296.08 | T232: 1030.23 | U232: 628.85 | W232: 23.38
A233: 33280 | B233: 652.23 | C233: 2902.23 | D233: 368.58 | E233: 444.1 | G233: 3501.19 | H233: n.d. | J233: 1089.53 | K233: 2278.9 | L233: 1488.74 | M233: 1637.29 | N233: 2495.5 | O233: 24296.08 | T233: 1013.5 | U233: 629.57 | W233: 22.56
A234: 33281 | B234: 650.48 | C234: 2874.75 | D234: 365.5 | E234: 443.98 | G234: 3504.78 | H234: n.d. | J234: 1085.46 | K234: 2264.5 | L234: 1468.94 | M234: 1626.24 | N234: 2486.9 | O234: 24935.01 | T234: #N/A | U234: 648.11 | W234: 22.26
A235: 33282 | B235: 648.63 | C235: 2909.16 | D235: 369.02 | E235: 447.97 | G235: 3519.24 | H235: n.d. | J235: 1089.16 | K235: 2267.8 | L235: 1489.41 | M235: 1635.84 | N235: 2510.4 | O235: 25139.47 | T235: 1004.94 | U235: 644.91 | W235: 20.86
A236: 33283 | B236: 653.8 | C236: 2877.23 | D236: 364.22 | E236: 444.31 | G236: 3492.25 | H236: n.d. | J236: 1103.6 | K236: 2294.4 | L236: 1486.52 | M236: 1652.68 | N236: 2532.2 | O236: 25356.37 | T236: 1024.23 | U236: 644.91 | W236: 21.48
A237: 33284 | B237: 655.48 | C237: 2934.65 | D237: 369.06 | E237: 448.71 | G237: 3506.55 | H237: n.d. | J237: 1106.06 | K237: 2296.9 | L237: 1531.19 | M237: 1670.39 | N237: 2546.1 | O237: 25343.74 | T237: 1039.6 | U237: 644.91 | W237: 19.57
A238: 33287 | B238: 660.46 | C238: 2934.65 | D238: 369.06 | E238: 448.71 | G238: 3532.54 | H238: n.d. | J238: 1117.59 | K238: 2318.3 | L238: 1572.57 | M238: 1694.96 | N238: 2587.7 | O238: 26230.01 | T238: #N/A | U238: 674.09 | W238: 19.57
A239: 33288 | B239: 658.41 | C239: 2932.18 | D239: 369.39 | E239: 450.32 | G239: 3530.94 | H239: n.d. | J239: 1115.14 | K239: 2312.4 | L239: 1587.13 | M239: 1700.93 | N239: 2573.2 | O239: 26166.98 | T239: 1149.89 | U239: 669.45 | W239: 19.84
A240: 33289 | B240: 650.78 | C240: 2899.01 | D240: 365.14 | E240: 446.02 | G240: 3493.54 | H240: n.d. | J240: 1108.34 | K240: 2296.8 | L240: 1567.32 | M240: 1693.07 | N240: 2556.5 | O240: 26198.79 | T240: 1148.33 | U240: 669.91 | W240: 22.26
A241: 33290 | B241: 648.75 | C241: 2891.83 | D241: 364.97 | E241: 446.38 | G241: 3471.87 | H241: n.d. | J241: 1115.6 | K241: 2312.4 | L241: 1565.59 | M241: 1709.72 | N241: 2575 | O241: 26024.37 | T241: 1153.29 | U241: 672.1 | W241: 20.78
A242: 33291 | B242: 654.61 | C242: 2889.36 | D242: 365.65 | E242: 448.95 | G242: 3453.28 | H242: n.d. | J242: 1117.02 | K242: 2314.2 | L242: 1582.52 | M242: 1716.88 | N242: 2610.5 | O242: 25902.81 | T242: 1179.33 | U242: 676.1 | W242: 21.01
A243: 33294 | B243: 652.34 | C243: 2887.87 | D243: 367.26 | E243: 451.09 | G243: 3445.62 | H243: n.d. | J243: 1128.16 | K243: 2335.4 | L243: 1601.15 | M243: 1745.17 | N243: 2666.5 | O243: 26462.76 | T243: 1177.87 | U243: 692.8 | W243: 22.86
A244: 33295 | B244: 650.27 | C244: 2864.6 | D244: 362.81 | E244: 447.71 | G244: 3421.38 | H244: n.d. | J244: 1123.31 | K244: 2322.2 | L244: 1558.24 | M244: 1712.31 | N244: 2618.8 | O244: 26282.96 | T244: 1205.2 | U244: 677.27 | W244: 20.38
A245: 33296 | B245: 654.47 | C245: 2889.11 | D245: 367.74 | E245: 450.82 | G245: 3445.06 | H245: n.d. | J245: 1134.7 | K245: 2348.1 | L245: 1565.52 | M245: 1731.02 | N245: 2628.8 | O245: 26094.25 | T245: 1221.55 | U245: 671.71 | W245: 21.26
A246: 33297 | B246: 659.16 | C246: 2882.18 | D246: 367.07 | E246: 453.05 | G246: 3462.37 | H246: n.d. | J246: 1150.01 | K246: 2380.8 | L246: 1542.09 | M246: 1759.79 | N246: 2622.8 | O246: 26409.22 | T246: 1220.41 | U246: 675.57 | W246: 21.23
A247: 33298 | B247: 664.69 | C247: 2909.9 | D247: 370.47 | E247: 456.73 | G247: 3471.42 | H247: n.d. | J247: 1154.48 | K247: 2386.9 | L247: 1516.74 | M247: 1746.79 | N247: 2602.2 | O247: 25881.57 | T247: #N/A | U247: 677.55 | W247: 21.23
A248: 33301 | B248: 674.82 | C248: 2914.11 | D248: 369.33 | E248: 461.13 | G248: 3519.06 | H248: n.d. | J248: 1154.87 | K248: 2382.9 | L248: 1530.86 | M248: 1766.74 | N248: 2606.9 | O248: 25976.02 | T248: 1225.44 | U248: 670.42 | W248: 20.86
A249: 33302 | B249: 688.23 | C249: 2972.52 | D249: 376.72 | E249: 473.05 | G249: 3561.9 | H249: n.d. | J249: 1171.35 | K249: 2420.1 | L249: 1540.26 | M249: 1800.63 | N249: 2650.4 | O249: 25913.48 | T249: 1245.93 | U249: 669.83 | W249: 20.45
A250: 33303 | B250: 701.81 | C250: 2973.27 | D250: 376.17 | E250: 473.8 | G250: 3571.53 | H250: n.d. | J250: 1192.56 | K250: 2459.9 | L250: 1594.32 | M250: 1821.01 | N250: 2688 | O250: 26382.99 | T250: #N/A | U250: 676.37 | W250: 20.55
A251: 33304 | B251: 700.39 | C251: 2963.37 | D251: 375.91 | E251: 475.74 | G251: 3564.04 | H251: n.d. | J251: 1183.79 | K251: 2437.7 | L251: 1580.46 | M251: 1831.85 | N251: 2689 | O251: 26397.96 | T251: 1151.05 | U251: 674.87 | W251: 21.05
A252: 33305 | B252: 716.56 | C252: 2955.2 | D252: 374.95 | E252: 475.11 | G252: 3571.42 | H252: n.d. | J252: 1192.13 | K252: 2455 | L252: 1602.45 | M252: 1828.14 | N252: 2729.4 | O252: 26607.52 | T252: 1191.04 | U252: 675.94 | W252: 20.81
A253: 33308 | B253: 722.14 | C253: 2939.36 | D253: 372.99 | E253: 467.15 | G253: 3555 | H253: n.d. | J253: 1196.98 | K253: 2459.2 | L253: 1565.78 | M253: 1796.7 | N253: 2776.3 | O253: 26669.37 | T253: 1174.72 | U253: 681.38 | W253: 20.88
A254: 33309 | B254: 719.46 | C254: 2922.52 | D254: 370.03 | E254: 461.4 | G254: 3542.89 | H254: n.d. | J254: 1195.72 | K254: 2454.4 | L254: 1571.61 | M254: 1795.48 | N254: 2752.9 | O254: 26727.42 | T254: 1165.9 | U254: 683.83 | W254: 18.82
A255: 33310 | B255: 733.69 | C255: 2955.2 | D255: 374.57 | E255: 468.18 | G255: 3550.7 | H255: n.d. | J255: 1193.82 | K255: 2448.2 | L255: 1542.19 | M255: 1781.17 | N255: 2745.3 | O255: 26418.32 | T255: 1160.08 | U255: 679.21 | W255: 16.09
A256: 33311 | B256: 747.75 | C256: 2952.23 | D256: 373.5 | E256: 467.79 | G256: 3530.48 | H256: n.d. | J256: 1216.23 | K256: 2500.6 | L256: 1576.55 | M256: 1816.81 | N256: 2770.4 | O256: 26542.33 | T256: 1196.48 | U256: 677.11 | W256: 14.94
A257: 33312 | B257: 744.29 | C257: 2948.27 | D257: 373.59 | E257: 466.29 | G257: 3517.24 | H257: n.d. | J257: 1214.67 | K257: 2494.2 | L257: 1570.55 | M257: 1800.49 | N257: 2806.4 | O257: 26843.1 | T257: 1206.75 | U257: 682.97 | W257: 14.9
A258: 33315 | B258: 749.09 | C258: 2929.95 | D258: 372.11 | E258: 466.27 | G258: 3514.99 | H258: n.d. | J258: 1212.2 | K258: 2490.6 | L258: 1552.85 | M258: 1777.91 | N258: 2823.7 | O258: 27146.91 | T258: 1171.08 | U258: 678.15 | W258: 15.79
A259: 33316 | B259: 745.61 | C259: 2867.82 | D259: 366.59 | E259: 462.81 | G259: 3495.45 | H259: n.d. | J259: 1197.98 | K259: 2458.9 | L259: 1546.53 | M259: 1740.97 | N259: 2823.7 | O259: 27006.66 | T259: #N/A | U259: 672.16 | W259: 16.11
A260: 33317 | B260: 763.11 | C260: 2872.03 | D260: 367.92 | E260: 466.09 | G260: 3481.4 | H260: n.d. | J260: 1189.02 | K260: 2441.2 | L260: 1517.92 | M260: 1752.22 | N260: 2748.5 | O260: 26449.35 | T260: 1171.92 | U260: 669.36 | W260: 16.04
A261: 33319 | B261: 788.73 | C261: 2858.91 | D261: 367.48 | E261: 464.15 | G261: 3481.4 | H261: n.d. | J261: 1189.12 | K261: 2440.4 | L261: 1520.29 | M261: 1772.14 | N261: 2731.5 | O261: 26613.19 | T261: 1171.59 | U261: 659.83 | W261: 16.49
A262: 33322 | B262: 798.28 | C262: 2865.84 | D262: 369.83 | E262: 468.49 | G262: 3459.9 | H262: n.d. | J262: 1183.79 | K262: 2432 | L262: 1515.5 | M262: 1773.55 | N262: 2739.2 | O262: 26645.79 | T262: 1155.46 | U262: 664.05 | W262: 16.76
A263: 33323 | B263: 802.66 | C263: 2914.85 | D263: 376.3 | E263: 478.57 | G263: 3468 | H263: n.d. | J263: 1185.32 | K263: 2437.6 | L263: 1498.44 | M263: 1775.09 | N263: 2765.6 | O263: 26339.38 | T263: 1170.59 | U263: 664.05 | W263: 16.31
A264: 33324 | B264: 803.35 | C264: 2917.57 | D264: 375.35 | E264: 482.37 | G264: 3486.3 | H264: n.d. | J264: 1197.11 | K264: 2464.6 | L264: 1508.8 | M264: 1797.06 | N264: 2789 | O264: 26104.65 | T264: 1167.97 | U264: 655.18 | W264: 16.55
A265: 33329 | B265: 806.54 | C265: 2881.19 | D265: 371.3 | E265: 480.86 | G265: 3486.9 | H265: n.d. | J265: 1193.33 | K265: 2464.6 | L265: 1508.8 | M265: 1797.06 | N265: 2809.6 | O265: 26007.4 | T265: 1193.61 | U265: 650.05 | W265: 17.42
A266: 33330 | B266: 825.42 | C266: 2945.05 | D266: 379.5 | E266: 491.2 | G266: 3516.4 | H266: n.d. | J266: 1205.28 | K266: 2488.3 | L266: 1538.62 | M266: 1827.1 | N266: 2808.6 | O266: 26252 | T266: 1209.23 | U266: 643.56 | W266: 17.4
A267: 33331 | B267: 839.5 | C267: 2926.73 | D267: 378.94 | E267: 495.05 | G267: 3516.5 | H267: n.d. | J267: 1220.31 | K267: 2519.1 | L267: 1577.5 | M267: 1851.89 | N267: 2807.5 | O267: 26780.06 | T267: 1202.9 | U267: 649.43 | W267: 17.61
A268: 33332 | B268: 844.31 | C268: 2924.5 | D268: 379.77 | E268: 497.57 | G268: 3524.3 | H268: n.d. | J268: 1223.55 | K268: 2524.4 | L268: 1571.97 | M268: 1836.21 | N268: 2766.7 | O268: 26689.81 | T268: 1197.12 | U268: 654.14 | W268: 18.01
A269: 33333 | B269: 858.48 | C269: 2896.78 | D269: 375.36 | E269: 495.79 | G269: 3518.2 | H269: n.d. | J269: 1232.32 | K269: 2545.4 | L269: 1586.87 | M269: 1851.71 | N269: 2761.4 | O269: 26767.33 | T269: 1218.12 | U269: 651 | W269: 17.63
A270: 33336 | B270: 856.44 | C270: 2918.56 | D270: 378.66 | E270: 495.65 | G270: 3515.7 | H270: n.d. | J270: 1225.31 | K270: 2530 | L270: 1579.95 | M270: 1847.57 | N270: 2740.6 | O270: 26607.65 | T270: 1230.7 | U270: 646.46 | W270: 17.41
A271: 33337 | B271: 868.51 | C271: 2873.02 | D271: 373.56 | E271: 492.46 | G271: 3505.2 | H271: n.d. | J271: 1224.17 | K271: 2527.2 | L271: 1582.11 | M271: 1845.96 | N271: 2757.7 | O271: 26317.39 | T271: 1240.53 | U271: 646.04 | W271: 20.12
A272: 33338 | B272: 874.74 | C272: 2874.5 | D272: 373.15 | E272: 490.76 | G272: 3494.1 | H272: n.d. | J272: 1219.8 | K272: 2518.8 | L272: 1561.89 | M272: 1816.92 | N272: 2735.4 | O272: 26268.86 | T272: #N/A | U272: 645.75 | W272: 19.73
A273: 33339 | B273: 877.41 | C273: 2905.45 | D273: 377.63 | E273: 499.31 | G273: 3504.9 | H273: n.d. | J273: 1224.72 | K273: 2531.4 | L273: 1565.37 | M273: 1825.6 | N273: 2750.4 | O273: 26425.19 | T273: 1259.28 | U273: 641.46 | W273: 17.24
A274: 33340 | B274: 886.87 | C274: 2920.79 | D274: 380.4 | E274: 501.62 | G274: 3509.4 | H274: n.d. | J274: 1222.89 | K274: 2526.1 | L274: 1583.14 | M274: 1821.43 | N274: 2762.9 | O274: 26582.5 | T274: 1288.02 | U274: 639.44 | W274: 18.45
A275: 33343 | B275: 891.31 | C275: 2933.17 | D275: 381.19 | E275: 500.84 | G275: 3516.5 | H275: n.d. | J275: 1229.26 | K275: 2542.7 | L275: 1601.42 | M275: 1822.35 | N275: 2785.8 | O275: 26695.53 | T275: 1302.5 | U275: 634.52 | W275: 16.5
A276: 33344 | B276: 910.05 | C276: 2986.88 | D276: 387.62 | E276: 506.75 | G276: 3539.8 | H276: n.d. | J276: 1219.96 | K276: 2519.5 | L276: 1603.36 | M276: 1802.91 | N276: 2780.7 | O276: 26813.3 | T276: 1274.97 | U276: 635.41 | W276: 15.82
A277: 33345 | B277: 933.57 | C277: 3004.46 | D277: 390.45 | E277: 511.31 | G277: 3546 | H277: n.d. | J277: 1230.65 | K277: 2545 | L277: 1623.83 | M277: 1829.45 | N277: 2795 | O277: 26980.37 | T277: #N/A | U277: 632.55 | W277: 15.47
A278: 33346 | B278: 946.97 | C278: 2999.26 | D278: 388.46 | E278: 506.62 | G278: 3534 | H278: n.d. | J278: 1228.27 | K278: 2538.4 | L278: 1613.76 | M278: 1815.74 | N278: 2794.8 | O278: 26798.9 | T278: 1271.62 | U278: 625.89 | W278: 16.26
A279: 33347 | B279: 915.56 | C279: 2965.59 | D279: 384.2 | E279: 501.19 | G279: 3496 | H279: n.d. | J279: 1220.16 | K279: 2519.8 | L279: 1599.37 | M279: 1791.12 | N279: 2781.4 | O279: 26541.97 | T279: 1283.94 | U279: 628.33 | W279: 15.68
A280: 33350 | B280: 883.25 | C280: 2927.72 | D280: 380.95 | E280: 494.38 | G280: 3491.6 | H280: n.d. | J280: 1207.44 | K280: 2490.9 | L280: 1571.91 | M280: 1767.2 | N280: 2755.6 | O280: 26237.01 | T280: 1287.27 | U280: 615.61 | W280: 16.78
A281: 33351 | B281: 906.78 | C281: 2930.45 | D281: 381.76 | E281: 496.08 | G281: 3502.4 | H281: n.d. | J281: 1212.65 | K281: 2503.8 | L281: 1597.05 | M281: 1781.83 | N281: 2778 | O281: 26491.57 | T281: 1276.94 | U281: 637.84 | W281: 17.02
A282: 33352 | B282: 926.67 | C282: 2949.51 | D282: 382.76 | E282: 498.45 | G282: 3504.2 | H282: n.d. | J282: 1205.74 | K282: 2488.5 | L282: 1603.73 | M282: 1782.03 | N282: 2775.2 | O282: 26330.21 | T282: 1274.56 | U282: 632.63 | W282: 16.72
A283: 33353 | B283: 918.15 | C283: 2921.04 | D283: 379.25 | E283: 496.03 | G283: 3502.1 | H283: n.d. | J283: 1202.36 | K283: 2482.1 | L283: 1620.45 | M283: 1777.01 | N283: 2759.7 | O283: 26038.86 | T283: 1296.54 | U283: 626.36 | W283: 17.15
A284: 33354 | B284: 916.86 | C284: 2912.38 | D284: 379.02 | E284: 494.64 | G284: 3497.3 | H284: n.d. | J284: 1197.4 | K284: 2471 | L284: 1623.81 | M284: 1774.67 | N284: 2739.2 | O284: 26123.68 | T284: 1286.59 | U284: 634.29 | W284: 17.27
A285: 33357 | B285: 916.66 | C285: 2876.98 | D285: 373.66 | E285: 487.74 | G285: 3472.3 | H285: n.d. | J285: 1207.77 | K285: 2498.3 | L285: 1620.28 | M285: 1797.35 | N285: 2732.7 | O285: 26123.68 | T285: 1267.46 | U285: 644.6 | W285: 18.27
A286: 33358 | B286: 901.14 | C286: 2887.87 | D286: 375.34 | E286: 484.72 | G286: 3468.9 | H286: n.d. | J286: 1202.75 | K286: 2486.3 | L286: 1605.79 | M286: 1779.18 | N286: 2755.3 | O286: 26111.25 | T286: 1235.11 | U286: 645.61 | W286: 18.24
A287: 33360 | B287: 924.74 | C287: 2938.61 | D287: 380.52 | E287: 491.13 | G287: 3501 | H287: n.d. | J287: 1220.93 | K287: 2530.6 | L287: 1630.04 | M287: 1824.23 | N287: 2755.3 | O287: 26477.86 | T287: #N/A | U287: 652.27 | W287: 17.52
A288: 33361 | B288: 926.57 | C288: 2938.86 | D288: 380.8 | E288: 492.1 | G288: 3491.3 | H288: n.d. | J288: 1217.76 | K288: 2522.7 | L288: 1631.84 | M288: 1832.31 | N288: 2750.1 | O288: 26477.86 | T288: 1272.09 | U288: 649.1 | W288: 17.24
A289: 33364 | B289: 918.72 | C289: 2941.64 | D289: 380.08 | E289: 491.48 | G289: 3487.7 | H289: n.d. | J289: 1217.76 | K289: 2522.7 | L289: 1623.99 | M289: 1828.77 | N289: 2751.2 | O289: 26477.86 | T289: 1255.41 | U289: 640.62 | W289: 17.92
...
